variable_1,variable_2,pearson,spearman,max_abs
electrica_densidad_subestaciones_1000km2,digital_torres_mastiles_1000km2,0.9167220718993825,0.8690005646527386,0.9167220718993825
densidad_poblacion,logistica_road_alta_capacidad_km_por_1000km2,0.9137344739034519,0.7865612648221344,0.9137344739034519
pvgis_produccion_anual_kwh_kwp,precipitation_daily_mean_mm_2024_2025,-0.8314552247495616,-0.8824860165479407,0.8824860165479407
densidad_poblacion,electrica_densidad_alta_tension_km_1000km2,0.8207287435475243,0.7922077922077922,0.8207287435475243
pvgis_produccion_anual_kwh_kwp,pvgis_coef_variacion_mensual,-0.6838601954883446,-0.8032786885245902,0.8032786885245902
precipitation_daily_mean_mm_2024_2025,hidrica_wei_area_estres_grave_pct_territorio_2019_2023,-0.7021500967232162,-0.7809147374364765,0.7809147374364765
logistica_road_alta_capacidad_km_por_1000km2,electrica_densidad_subestaciones_1000km2,0.7533555761542607,0.7312252964426877,0.7533555761542607
temperatura_media_2m_c,hidrica_wei_area_estres_grave_pct_territorio_2019_2023,0.7479620828945388,0.7199322416713722,0.7479620828945388
logistica_road_alta_capacidad_km_por_1000km2,digital_torres_mastiles_1000km2,0.7435702341654986,0.6905702992659515,0.7435702341654986
pvgis_produccion_anual_kwh_kwp,temperatura_media_2m_c,0.7377096018177329,0.7423729998361037,0.7423729998361037
densidad_poblacion,digital_exchanges_centrales_telecom_1000km2,0.7270983511032927,0.5659418469112444,0.7270983511032927
logistica_places_n_por_1000km2,precipitation_daily_mean_mm_2024_2025,0.7230591000777493,0.6736307171089779,0.7230591000777493
logistica_road_alta_capacidad_km_por_1000km2,electrica_densidad_alta_tension_km_1000km2,0.7204135544604949,0.6013551665725578,0.7204135544604949
logistica_road_alta_capacidad_km_por_1000km2,digital_exchanges_centrales_telecom_1000km2,0.7130289226972091,0.5230161180038048,0.7130289226972091
ambiental_densidad_sitios_1000km2,ambiental_penalizacion_media_0_1,0.6565288571752924,0.6996047430830039,0.6996047430830039
precipitation_daily_mean_mm_2024_2025,temperatura_media_2m_c,-0.6875182216710378,-0.6939582156973462,0.6939582156973462
electrica_densidad_alta_tension_km_1000km2,digital_exchanges_centrales_telecom_1000km2,0.6934961006809413,0.5732844058033065,0.6934961006809413
densidad_poblacion,electrica_densidad_subestaciones_1000km2,0.6542019513049107,0.691699604743083,0.691699604743083
digital_torres_mastiles_1000km2,punto_rocio_medio_c,0.6913549926203173,0.603613777526821,0.6913549926203173
pvgis_produccion_anual_kwh_kwp,hidrica_wei_area_estres_grave_pct_territorio_2019_2023,0.684579316270776,0.6824859846286251,0.684579316270776
nivel_formativo_terciario,temperatura_media_2m_c,-0.6796075697171343,-0.6783394791820405,0.6796075697171343
logistica_places_n_por_1000km2,digital_torres_mastiles_1000km2,0.6224810143152433,0.6736307171089779,0.6736307171089779
logistica_places_n_por_1000km2,pvgis_perdidas_totales_pct,0.6731153528723861,0.6175142228469265,0.6731153528723861
digital_torres_mastiles_1000km2,digital_exchanges_centrales_telecom_1000km2,0.669661528985525,0.49025700910075865,0.669661528985525
nivel_formativo_terciario,ambiental_densidad_sitios_1000km2,0.6679623725207151,0.628636003605005,0.6679623725207151
pvgis_coef_variacion_mensual,precipitation_daily_mean_mm_2024_2025,0.6478949398857138,0.6666667730643854,0.6666667730643854
temperatura_media_2m_c,punto_rocio_medio_c,0.6257598292617708,0.6623376623376623,0.6623376623376623
pvgis_perdidas_totales_pct,precipitation_daily_mean_mm_2024_2025,0.6166497951931563,0.6576272235991056,0.6576272235991056
logistica_places_n_por_1000km2,electrica_densidad_subestaciones_1000km2,0.5623723352486641,0.6544325239977414,0.6544325239977414
pvgis_produccion_anual_kwh_kwp,pvgis_perdidas_totales_pct,-0.5599830790702363,-0.6416054267947994,0.6416054267947994
pvgis_coef_variacion_mensual,temperatura_media_2m_c,-0.6403765910140883,-0.6135594199558666,0.6403765910140883
pvgis_perdidas_totales_pct,temperatura_media_2m_c,-0.6285816414299876,-0.638418180985386,0.638418180985386
densidad_poblacion,digital_torres_mastiles_1000km2,0.6252815414270723,0.5143986448334275,0.6252815414270723
logistica_places_n_por_1000km2,pvgis_produccion_anual_kwh_kwp,-0.5764420403975987,-0.6062147860153267,0.6062147860153267
electrica_densidad_subestaciones_1000km2,punto_rocio_medio_c,0.5990684523881082,0.5110107284020328,0.5990684523881082
nivel_formativo_terciario,hidrica_wei_area_estres_grave_pct_territorio_2019_2023,-0.5917226894417783,-0.586839899142498,0.5917226894417783
nivel_formativo_terciario,pvgis_perdidas_totales_pct,0.4760042051768279,0.581802792370375,0.581802792370375
nivel_formativo_terciario,ambiental_penalizacion_media_0_1,0.5759759725656378,0.5331827380081984,0.5759759725656378
pvgis_perdidas_totales_pct,hidrica_wei_area_estres_grave_pct_territorio_2019_2023,-0.5026686764013522,-0.5717515036789474,0.5717515036789474
ambiental_penalizacion_media_0_1,electrica_densidad_subestaciones_1000km2,-0.5632970377021139,-0.27498588368153587,0.5632970377021139
densidad_poblacion,digital_data_centers_osm_n,0.4921964313447084,0.551075713192581,0.551075713192581
corine_compat_media_0_3,precipitation_daily_mean_mm_2024_2025,-0.5509498649384151,-0.549407114624506,0.5509498649384151
corine_compat_media_0_3,pvgis_produccion_anual_kwh_kwp,0.5503102250308384,0.48135600902614945,0.5503102250308384
electrica_densidad_subestaciones_1000km2,digital_exchanges_centrales_telecom_1000km2,0.5440466506499347,0.36430388349077114,0.5440466506499347
logistica_places_n_por_1000km2,hidrica_wei_area_estres_grave_pct_territorio_2019_2023,-0.42952992008577656,-0.5437605872388481,0.5437605872388481
logistica_road_alta_capacidad_km_por_1000km2,logistica_places_n_por_1000km2,0.5289660656599225,0.5381140598531903,0.5381140598531903
pvgis_perdidas_totales_pct,pvgis_coef_variacion_mensual,0.5372706414888769,0.5127190503109101,0.5372706414888769
electrica_densidad_alta_tension_km_1000km2,digital_torres_mastiles_1000km2,0.5349853214296391,0.42405420666290233,0.5349853214296391
digital_exchanges_centrales_telecom_1000km2,punto_rocio_medio_c,0.5243642409935066,0.5015532535500848,0.5243642409935066
nivel_formativo_terciario,pvgis_produccion_anual_kwh_kwp,-0.5104502009696774,-0.43825941280546465,0.5104502009696774
electrica_densidad_alta_tension_km_1000km2,electrica_densidad_subestaciones_1000km2,0.5093502418833799,0.49294184076792774,0.5093502418833799
pvgis_coef_variacion_mensual,hidrica_wei_area_estres_grave_pct_territorio_2019_2023,-0.49156459652209433,-0.41355938803655096,0.49156459652209433
ambiental_penalizacion_media_0_1,punto_rocio_medio_c,-0.4831208345463833,-0.4432523997741389,0.4831208345463833
pvgis_perdidas_totales_pct,ambiental_densidad_sitios_1000km2,0.391920469598911,0.4796610935014095,0.4796610935014095
nivel_formativo_terciario,punto_rocio_medio_c,-0.4407399061257438,-0.47105339353690406,0.47105339353690406
ambiental_penalizacion_media_0_1,digital_torres_mastiles_1000km2,-0.47042547476947566,-0.3269339356295878,0.47042547476947566
electrica_densidad_alta_tension_km_1000km2,digital_data_centers_osm_n,0.40634818305420384,0.46315643882504715,0.46315643882504715
pvgis_produccion_anual_kwh_kwp,ambiental_densidad_sitios_1000km2,-0.4611335286386912,-0.17683618641453613,0.4611335286386912
logistica_places_n_por_1000km2,electrica_densidad_alta_tension_km_1000km2,0.4521204942120725,0.44889892715979673,0.4521204942120725
nivel_formativo_terciario,electrica_densidad_alta_tension_km_1000km2,0.3846166287628545,0.4518497779730494,0.4518497779730494
electrica_densidad_alta_tension_km_1000km2,hidrica_wei_area_estres_grave_pct_territorio_2019_2023,-0.38389523369298967,-0.44551101072840205,0.44551101072840205
electrica_densidad_subestaciones_1000km2,digital_data_centers_osm_n,0.388208199131908,0.44246955073856864,0.44246955073856864
nivel_formativo_terciario,precipitation_daily_mean_mm_2024_2025,0.3565929047988343,0.44224797019112216,0.44224797019112216
logistica_road_alta_capacidad_km_por_1000km2,punto_rocio_medio_c,0.4417520811183067,0.391304347826087,0.4417520811183067
logistica_places_n_por_1000km2,punto_rocio_medio_c,0.44012923032957757,0.39920948616600793,0.44012923032957757
logistica_places_n_por_1000km2,pvgis_coef_variacion_mensual,0.4264529997273088,0.43220345880869054,0.43220345880869054
nivel_formativo_terciario,digital_data_centers_osm_n,0.3505846084799945,0.40523264904413026,0.40523264904413026
corine_compat_media_0_3,pvgis_perdidas_totales_pct,-0.2650100342588274,-0.4022599512049512,0.4022599512049512
densidad_poblacion,logistica_places_n_por_1000km2,0.3968421744237934,0.37549407114624506,0.3968421744237934
nivel_formativo_terciario,pvgis_coef_variacion_mensual,0.39460940813679474,0.38626732256935536,0.39460940813679474
logistica_road_alta_capacidad_km_por_1000km2,hidrica_wei_area_estres_grave_pct_territorio_2019_2023,-0.37521018553594143,-0.3924336533032185,0.3924336533032185
densidad_poblacion,punto_rocio_medio_c,0.38344517526070765,0.339356295878035,0.38344517526070765
logistica_road_alta_capacidad_km_por_1000km2,pvgis_perdidas_totales_pct,0.3801241254593591,0.27062151211681407,0.3801241254593591
corine_compat_media_0_3,digital_exchanges_centrales_telecom_1000km2,0.371879520402087,0.20954533453500168,0.371879520402087
punto_rocio_medio_c,hidrica_wei_area_estres_grave_pct_territorio_2019_2023,0.37184191987590953,0.35742518351214003,0.37184191987590953
densidad_poblacion,nivel_formativo_terciario,0.37109592578970463,0.35131320237404595,0.37109592578970463
corine_compat_media_0_3,temperatura_media_2m_c,0.3702014272975589,0.28740824392998304,0.3702014272975589
logistica_road_alta_capacidad_km_por_1000km2,digital_data_centers_osm_n,0.3627265095879204,0.3499531901295952,0.3627265095879204
corine_compat_media_0_3,logistica_road_alta_capacidad_km_por_1000km2,0.3601620675370304,0.2456239412761152,0.3601620675370304
ambiental_densidad_sitios_1000km2,temperatura_media_2m_c,-0.34866859147928325,-0.35968379446640314,0.35968379446640314
densidad_poblacion,corine_compat_media_0_3,0.3489721109011112,0.20835686053077357,0.3489721109011112
logistica_places_n_por_1000km2,ambiental_penalizacion_media_0_1,-0.34881792690185703,-0.295313382269904,0.34881792690185703
digital_data_centers_osm_n,hidrica_wei_area_estres_grave_pct_territorio_2019_2023,-0.33532355683534926,-0.33213948094401646,0.33532355683534926
pvgis_perdidas_totales_pct,electrica_densidad_alta_tension_km_1000km2,0.31527400441622866,0.3344633302153527,0.3344633302153527
densidad_poblacion,ambiental_densidad_sitios_1000km2,0.23083554592989286,0.33258046301524563,0.33258046301524563
digital_exchanges_centrales_telecom_1000km2,temperatura_media_2m_c,0.3264593891356773,0.31460040791373567,0.3264593891356773
corine_compat_media_0_3,logistica_places_n_por_1000km2,-0.2659101858659079,-0.3156408808582722,0.3156408808582722
electrica_densidad_subestaciones_1000km2,hidrica_wei_area_estres_grave_pct_territorio_2019_2023,-0.19506912455997819,-0.3156408808582722,0.3156408808582722
densidad_poblacion,pvgis_perdidas_totales_pct,0.308150852850308,0.3146893157600531,0.3146893157600531
pvgis_perdidas_totales_pct,digital_torres_mastiles_1000km2,0.31426521496946275,0.20395483481037555,0.31426521496946275
densidad_poblacion,hidrica_wei_area_estres_grave_pct_territorio_2019_2023,-0.3001551664156003,-0.30999435347261434,0.30999435347261434
logistica_places_n_por_1000km2,temperatura_media_2m_c,-0.30751777368378663,-0.2727272727272727,0.30751777368378663
ambiental_densidad_sitios_1000km2,hidrica_wei_area_estres_grave_pct_territorio_2019_2023,-0.3070487819222321,-0.23771880293619424,0.3070487819222321
logistica_places_n_por_1000km2,digital_exchanges_centrales_telecom_1000km2,0.3060393652178277,0.2671561812265655,0.3060393652178277
ambiental_densidad_sitios_1000km2,electrica_densidad_alta_tension_km_1000km2,0.2589488617028897,0.30095990965556185,0.30095990965556185
corine_compat_media_0_3,electrica_densidad_subestaciones_1000km2,0.297202471971552,0.042348955392433656,0.297202471971552
electrica_densidad_subestaciones_1000km2,precipitation_daily_mean_mm_2024_2025,0.224327017488649,0.295313382269904,0.295313382269904
pvgis_perdidas_totales_pct,electrica_densidad_subestaciones_1000km2,0.28200244535464936,0.2926554139384336,0.2926554139384336
electrica_densidad_alta_tension_km_1000km2,punto_rocio_medio_c,0.2915185106945612,0.19367588932806323,0.2915185106945612
digital_data_centers_osm_n,digital_torres_mastiles_1000km2,0.2897955354568221,0.2850193469692598,0.2897955354568221
ambiental_penalizacion_media_0_1,temperatura_media_2m_c,-0.28432506677182745,-0.24449463579898362,0.28432506677182745
electrica_densidad_alta_tension_km_1000km2,precipitation_daily_mean_mm_2024_2025,0.19250006315277188,0.277244494635799,0.277244494635799
corine_compat_media_0_3,ambiental_penalizacion_media_0_1,-0.2565751094426504,-0.2761151891586674,0.2761151891586674
ambiental_densidad_sitios_1000km2,digital_torres_mastiles_1000km2,-0.20720830308700436,-0.2738565782044043,0.2738565782044043
corine_compat_media_0_3,digital_data_centers_osm_n,0.23677900638145602,0.27122808824494077,0.27122808824494077
corine_compat_media_0_3,ambiental_densidad_sitios_1000km2,-0.2664315389641431,-0.2704686617730096,0.2704686617730096
nivel_formativo_terciario,logistica_road_alta_capacidad_km_por_1000km2,0.25976134228736875,0.13781418228178008,0.25976134228736875
ambiental_densidad_sitios_1000km2,electrica_densidad_subestaciones_1000km2,-0.2443521008763006,-0.16092603049124787,0.2443521008763006
pvgis_perdidas_totales_pct,ambiental_penalizacion_media_0_1,0.09804339630503472,0.2384181171467548,0.2384181171467548
digital_data_centers_osm_n,precipitation_daily_mean_mm_2024_2025,0.23175163962480066,0.17813709185578738,0.23175163962480066
corine_compat_media_0_3,pvgis_coef_variacion_mensual,-0.1885880793458445,-0.228248623998315,0.228248623998315
pvgis_produccion_anual_kwh_kwp,digital_exchanges_centrales_telecom_1000km2,0.21334507739863082,0.22040125208785455,0.22040125208785455
pvgis_coef_variacion_mensual,ambiental_penalizacion_media_0_1,-0.1829676120624305,-0.21807913084987524,0.21807913084987524
digital_torres_mastiles_1000km2,temperatura_media_2m_c,0.20823145147629393,0.21513269339356295,0.21513269339356295
corine_compat_media_0_3,hidrica_wei_area_estres_grave_pct_territorio_2019_2023,0.13106519782251277,0.21513269339356295,0.21513269339356295
pvgis_coef_variacion_mensual,digital_torres_mastiles_1000km2,0.2149489004953499,0.16214691853345645,0.2149489004953499
digital_exchanges_centrales_telecom_1000km2,precipitation_daily_mean_mm_2024_2025,-0.17458716554782688,-0.21236939564733323,0.21236939564733323
digital_torres_mastiles_1000km2,precipitation_daily_mean_mm_2024_2025,0.1999775281354672,0.20496894409937888,0.20496894409937888
corine_compat_media_0_3,electrica_densidad_alta_tension_km_1000km2,0.19152836081027177,0.07848673066064371,0.19152836081027177
electrica_densidad_subestaciones_1000km2,temperatura_media_2m_c,0.19088677663714596,0.16205533596837945,0.19088677663714596
ambiental_densidad_sitios_1000km2,punto_rocio_medio_c,-0.11278997571268926,-0.189158667419537,0.189158667419537
densidad_poblacion,ambiental_penalizacion_media_0_1,0.030569754367655032,0.18690005646527386,0.18690005646527386
corine_compat_media_0_3,digital_torres_mastiles_1000km2,0.18687482276627743,-0.034443817052512704,0.18687482276627743
logistica_road_alta_capacidad_km_por_1000km2,pvgis_produccion_anual_kwh_kwp,-0.13175239690715387,-0.18135596114717603,0.18135596114717603
pvgis_coef_variacion_mensual,electrica_densidad_subestaciones_1000km2,0.17549170182060023,0.14011301671183693,0.17549170182060023
ambiental_penalizacion_media_0_1,digital_exchanges_centrales_telecom_1000km2,-0.17469934788815683,-0.11239763227079605,0.17469934788815683
pvgis_produccion_anual_kwh_kwp,electrica_densidad_subestaciones_1000km2,-0.01903216746146762,-0.1740113272066362,0.1740113272066362
pvgis_produccion_anual_kwh_kwp,electrica_densidad_alta_tension_km_1000km2,-0.1588235767027658,-0.17062149615715627,0.17062149615715627
logistica_road_alta_capacidad_km_por_1000km2,pvgis_coef_variacion_mensual,0.17018429423923734,0.14971753801869672,0.17018429423923734
nivel_formativo_terciario,electrica_densidad_subestaciones_1000km2,-0.1631653125064754,0.016944366673989353,0.1631653125064754
pvgis_produccion_anual_kwh_kwp,punto_rocio_medio_c,0.11689225637239199,0.16271189037503644,0.16271189037503644
logistica_road_alta_capacidad_km_por_1000km2,ambiental_densidad_sitios_1000km2,0.16240870151839062,0.1259175607001694,0.16240870151839062
logistica_road_alta_capacidad_km_por_1000km2,precipitation_daily_mean_mm_2024_2025,0.15305751653846955,0.15979672501411632,0.15979672501411632
nivel_formativo_terciario,corine_compat_media_0_3,-0.1142203079694604,-0.15249930006590418,0.15249930006590418
pvgis_perdidas_totales_pct,digital_exchanges_centrales_telecom_1000km2,0.1524725742069439,0.09381181499124065,0.1524725742069439
nivel_formativo_terciario,digital_torres_mastiles_1000km2,-0.15160991991194797,-0.14572155339630843,0.15160991991194797
pvgis_produccion_anual_kwh_kwp,digital_torres_mastiles_1000km2,-0.027936917361608936,-0.1508474817018567,0.1508474817018567
pvgis_perdidas_totales_pct,digital_data_centers_osm_n,0.15079058967751816,0.14776485490568117,0.15079058967751816
ambiental_densidad_sitios_1000km2,precipitation_daily_mean_mm_2024_2025,0.14875529244376876,0.11236589497459062,0.14875529244376876
logistica_places_n_por_1000km2,digital_data_centers_osm_n,0.14791809824881877,0.10056126153149288,0.14791809824881877
logistica_road_alta_capacidad_km_por_1000km2,ambiental_penalizacion_media_0_1,-0.14420917676046477,-0.10897797854319594,0.14420917676046477
digital_torres_mastiles_1000km2,hidrica_wei_area_estres_grave_pct_territorio_2019_2023,-0.03455744520973208,-0.14398644833427443,0.14398644833427443
nivel_formativo_terciario,logistica_places_n_por_1000km2,0.09853785170571142,0.14289749228397688,0.14289749228397688
pvgis_coef_variacion_mensual,punto_rocio_medio_c,-0.11493396610606578,-0.1412429603949969,0.1412429603949969
digital_data_centers_osm_n,temperatura_media_2m_c,-0.13932390888489846,-0.08159828078555421,0.13932390888489846
ambiental_densidad_sitios_1000km2,digital_data_centers_osm_n,0.13904942990694183,0.06953092940177508,0.13904942990694183
ambiental_penalizacion_media_0_1,precipitation_daily_mean_mm_2024_2025,-0.1329183895820583,-0.09768492377188029,0.1329183895820583
digital_data_centers_osm_n,digital_exchanges_centrales_telecom_1000km2,0.11300925372245821,0.1261681793832434,0.1261681793832434
densidad_poblacion,pvgis_coef_variacion_mensual,-0.03476576737197251,-0.12598872067233724,0.12598872067233724
precipitation_daily_mean_mm_2024_2025,punto_rocio_medio_c,-0.042437166117174456,-0.12365894974590627,0.12365894974590627
densidad_poblacion,temperatura_media_2m_c,0.09711232835868454,0.12365894974590627,0.12365894974590627
pvgis_coef_variacion_mensual,digital_exchanges_centrales_telecom_1000km2,0.02876108474316741,-0.11359141453758657,0.11359141453758657
electrica_densidad_alta_tension_km_1000km2,temperatura_media_2m_c,-0.026191177913674087,-0.11349520045172219,0.11349520045172219
pvgis_produccion_anual_kwh_kwp,ambiental_penalizacion_media_0_1,0.0025286526641874773,0.11299436831599753,0.11299436831599753
ambiental_densidad_sitios_1000km2,digital_exchanges_centrales_telecom_1000km2,-0.10516042037896896,-0.0672126544734911,0.10516042037896896
pvgis_coef_variacion_mensual,ambiental_densidad_sitios_1000km2,0.10443277831310036,0.08079097334593824,0.10443277831310036
ambiental_penalizacion_media_0_1,hidrica_wei_area_estres_grave_pct_territorio_2019_2023,-0.024079935358921827,-0.10220214568040654,0.10220214568040654
digital_exchanges_centrales_telecom_1000km2,hidrica_wei_area_estres_grave_pct_territorio_2019_2023,0.09531500031486784,0.09432364115187407,0.09531500031486784
pvgis_coef_variacion_mensual,electrica_densidad_alta_tension_km_1000km2,0.04861752568871058,0.08926555096963805,0.08926555096963805
corine_compat_media_0_3,punto_rocio_medio_c,0.079539265713883,-0.08639186900056466,0.08639186900056466
ambiental_penalizacion_media_0_1,electrica_densidad_alta_tension_km_1000km2,0.01510607529451728,0.07961603613777526,0.07961603613777526
ambiental_penalizacion_media_0_1,digital_data_centers_osm_n,0.002998311934819657,0.07527728720357467,0.07527728720357467
pvgis_perdidas_totales_pct,punto_rocio_medio_c,0.07361859656379593,-0.06440678994011859,0.07361859656379593
pvgis_produccion_anual_kwh_kwp,digital_data_centers_osm_n,-0.0715805852045786,0.005749605249248294,0.0715805852045786
digital_data_centers_osm_n,punto_rocio_medio_c,0.001914231544718365,-0.06723238628105524,0.06723238628105524
densidad_poblacion,precipitation_daily_mean_mm_2024_2025,0.0646236390703528,0.044607566346696784,0.0646236390703528
nivel_formativo_terciario,digital_exchanges_centrales_telecom_1000km2,0.05678952020621785,0.05423728813559322,0.05678952020621785
pvgis_coef_variacion_mensual,digital_data_centers_osm_n,-0.03849949990942745,-0.05577117091770845,0.05577117091770845
logistica_places_n_por_1000km2,ambiental_densidad_sitios_1000km2,0.01203445785662243,-0.054771315640880856,0.054771315640880856
densidad_poblacion,pvgis_produccion_anual_kwh_kwp,-0.01629430622486729,0.045762719167979,0.045762719167979
logistica_road_alta_capacidad_km_por_1000km2,temperatura_media_2m_c,0.027737939881095637,0.044607566346696784,0.044607566346696784
